Animal,Extinction Frame,Final state check,Initial Entropy,Final Entropy,params,size,symmetry,circularity,MSE,SSIM,tolerance
Orbium unicaudatus,-1,stable,0.0428823284634113,0.0420287966275591,"{'R': 13, 'T': 10, 'b': '1', 'm': 0.15, 's': 0.017}",222,0.9065743944636678,0.329118484285066,0.0007181783047834,0.9910950255217824,0.39
Orbium unicaudatus ignis,56,,0.0385016140254878,,"{'R': 13, 'T': 10, 'b': '1', 'm': 0.11, 's': 0.012}",198,0.9389312977099236,0.4471822195479056,0.0027776837286242,0.9712883139526812,0.22
Orbium bicaudatus,-1,stable,0.0385253850913977,0.040014454608831,"{'R': 13, 'T': 10, 'b': '1', 'm': 0.15, 's': 0.014}",201,0.8913857677902621,0.2054157026014869,0.0005685206618058,0.9922656997609858,0.51
Orbium bicaudatus ignis,67,,0.0317213986338194,,"{'R': 13, 'T': 10, 'b': '1', 'm': 0.1, 's': 0.008}",179,0.9224489795918368,0.5007576626753627,0.0003456007192245,0.9924149350609032,0.03
Gyrorbium gyrans,-1,stable,0.0477041584662038,0.0486881548780791,"{'R': 13, 'T': 10, 'b': '1', 'm': 0.156, 's': 0.0224}",253,0.819620253164557,0.2915625607638121,0.1073913473352507,0.3776340666525716,0.11
Gyrorbium labans,-1,soup,0.0436733542287119,0.921177952970555,"{'R': 13, 'T': 10, 'b': '1', 'm': 0.133, 's': 0.0177}",235,0.8340425531914893,0.2821620184263269,0.0710062531084705,0.5072844673785027,0.02
Vagorbium vagus,-1,soup,0.1178126218473139,1.0747408594233137,"{'R': 20, 'T': 10, 'b': '1', 'm': 0.2, 's': 0.031}",699,0.912568306010929,0.1298487625637018,0.2550389956731962,0.2110598459040925,0.01
Synorbium,-1,stable,0.0725516407123403,0.0727242046984443,"{'R': 13, 'T': 10, 'b': '1', 'm': 0.152, 's': 0.0156}",398,0.9282511210762332,0.254900929758149,0.0038635705666914,0.9689069890474896,0.26
Tetrasynorbium?,-1,stable,0.4325806283906807,0.4415687034026538,"{'R': 26, 'T': 10, 'b': '1', 'm': 0.15, 's': 0.0149}",3131,0.9306688417618272,0.149527140685113,0.1377610144554619,0.4817570962233334,0.17
Parorbium dividuus,-1,stable,0.0930401920469573,0.0958975253196205,"{'R': 13, 'T': 10, 'b': '1', 'm': 0.184, 's': 0.025}",534,0.9281045751633988,0.0860115080114108,0.1165613416528761,0.4423554507256411,0.25
Parorbium dividuus pedes,-1,stable,0.0646738808983651,0.0669170298429509,"{'R': 13, 'T': 10, 'b': '1', 'm': 0.11, 's': 0.011}",383,0.9230769230769232,0.1841026612383434,0.0168455592678248,0.8497890615671879,0.14
Parorbium adhaerens,-1,stable,0.1050650987934652,0.1077727784361216,"{'R': 13, 'T': 10, 'b': '1', 'm': 0.23, 's': 0.0323}",607,0.9546247818499128,0.1136116469269061,0.1302552661047385,0.5022721755895997,0.27
Triorbium(?),-1,stable,0.3095135357686696,0.299296230563937,"{'R': 26, 'T': 10, 'b': '1', 'm': 0.114, 's': 0.0115}",2236,0.8449744463373083,0.1061714536448507,0.0627886536567498,0.7089296142803331,0.2
Scutium solidus,-1,stable,0.0460437844803057,0.0467279968067888,"{'R': 13, 'T': 10, 'b': '1', 'm': 0.29, 's': 0.045}",241,0.9407407407407408,0.1754888711782303,0.0018434393204368,0.991663539597099,0.06
Scutium valvatus,150,,0.0503373659220331,,"{'R': 13, 'T': 10, 'b': '1', 'm': 0.282, 's': 0.0448}",271,0.8945686900958466,0.1219160930322387,0.0181898534362328,0.9384188743445908,0.04
Scutium serratus fluens,-1,stable,0.0479343846065044,0.0486934924165587,"{'R': 18, 'T': 10, 'b': '1/12,1/6,1/2,1', 'm': 0.32, 's': 0.0575}",257,0.9405940594059404,0.1656997876369389,0.0739374247220532,0.7729433182969754,0.37
Scutium serratus vagus,-1,stable,0.0306317757309531,0.0401611362838376,"{'R': 10, 'T': 10, 'b': '1/2,1', 'm': 0.27, 's': 0.044}",159,0.946808510638298,0.1279331504721689,0.008654583601329,0.9677081623140756,0.35
Scutium serratus saliens,-1,stable,0.0766741228617667,0.0766369647026079,"{'R': 18, 'T': 10, 'b': '1/2,1', 'm': 0.24, 's': 0.036}",484,0.9656419529837252,0.0817234316046631,0.0487611827044914,0.8492089364374731,0.56
Scutium serratus solidus,-1,stable,0.0484248493297787,0.0500626043183874,"{'R': 10, 'T': 10, 'b': '1/2,1', 'm': 0.32, 's': 0.06}",264,0.961783439490446,0.1777105028325761,0.0619822962709995,0.8183061219409475,0.35
Discutium solidus,-1,stable,0.0862924136939535,0.0898035199422719,"{'R': 13, 'T': 10, 'b': '1', 'm': 0.356, 's': 0.063}",489,0.9752577319587628,0.1082210985392622,0.0307342685721947,0.8873220437488478,0.04
Discutium valvatus,-1,soup,0.0886739680523569,1.5522966193446863,"{'R': 13, 'T': 10, 'b': '1', 'm': 0.337, 's': 0.0595}",494,0.9754601226993864,0.0987610827662848,0.0799696933405903,0.7278795832512027,0.03
Discutium serratus,-1,stable,0.0803875801849736,0.5337530685200845,"{'R': 13, 'T': 10, 'b': '5/12,1,1/2', 'm': 0.272, 's': 0.0375}",453,0.9372384937238494,0.0861540983283535,0.0388969554277085,0.8514123188787632,0.05
Triscutium solidus,-1,stable,0.1242502439931371,0.1314616963565217,"{'R': 13, 'T': 10, 'b': '1', 'm': 0.4, 's': 0.079}",742,0.9901408450704224,0.0363833157005536,0.1361952251174226,0.6688740275592772,0.05
Triscutium valvatus centrale,-1,stable,0.1127911339685504,0.1178024302042278,"{'R': 13, 'T': 10, 'b': '1', 'm': 0.377, 's': 0.0697}",655,0.971153846153846,0.0741542794535103,0.1193361611376458,0.6904409643776851,0.05
Triscutium valvatus laterale,-1,stable,0.1144778761002674,0.1164353037783473,"{'R': 13, 'T': 10, 'b': '1', 'm': 0.365, 's': 0.0653}",653,0.9586776859504132,0.0629962991325226,0.1211454019425492,0.6754323941972042,0.03
Triscutium serratus valvatus centrale,-1,stable,0.1156405581652431,0.1167994745839065,"{'R': 10, 'T': 10, 'b': '1/2,1', 'm': 0.36, 's': 0.061}",675,0.9598603839441536,0.0639764994832116,0.075921531240691,0.7758623366629601,0.11
Triscutium serratus valvatus laterale,-1,stable,0.1097697348726797,0.1203608089356237,"{'R': 10, 'T': 10, 'b': '1/2,1', 'm': 0.35, 's': 0.059}",642,0.9424083769633508,0.0653306879565411,0.0815897396968895,0.7587435309397621,0.12
Tetrascutium solidus,-1,stable,0.1683370510138073,0.4262648911272221,"{'R': 13, 'T': 10, 'b': '1', 'm': 0.422, 's': 0.0878}",1021,0.9784580498866212,0.0342612380176393,0.153617060740493,0.644509342023016,0.05
Tetrascutium valvatus,-1,stable,0.1521496178413013,0.1638446939403165,"{'R': 13, 'T': 10, 'b': '1', 'm': 0.396, 's': 0.0764}",916,0.9670487106017192,0.0356851964480354,0.1412737619269138,0.6530239199808332,0.06
Pentascutium solidus,-1,stable,0.1929771683226707,0.2020640160424253,"{'R': 13, 'T': 10, 'b': '1', 'm': 0.422, 's': 0.0858}",1208,0.9767441860465116,0.0265661349511978,0.1598448047445932,0.6301151628984072,0.06
Pentascutium valvatus,-1,stable,0.1948678605704005,0.3550441812298357,"{'R': 13, 'T': 10, 'b': '1', 'm': 0.407, 's': 0.0806}",1194,0.9772972972972972,0.0239782151902331,0.1751476242966238,0.5832198300589455,0.06
Hexascutium,-1,stable,0.2333071641100946,0.2396318295472908,"{'R': 13, 'T': 10, 'b': '1', 'm': 0.46, 's': 0.1}",1513,0.9781221513217868,0.0243058037871362,0.1531273397860533,0.669457770781294,0.06
Heptascutium,-1,stable,0.2733259713578246,0.2836077283382684,"{'R': 13, 'T': 10, 'b': '1', 'm': 0.49, 's': 0.112}",1854,0.9736111111111112,0.0288792007379771,0.1499821443426347,0.6943731247538399,0.07
Octascutium,-1,soup,0.3239500498793358,1.4855316822114284,"{'R': 13, 'T': 10, 'b': '1', 'm': 0.49, 's': 0.112}",2237,0.9697986577181208,0.0248176208171161,0.1847313442800381,0.6263553662802244,0.09
Octascutium obliquus,-1,soup,0.3375891659510245,1.746626711923258,"{'R': 13, 'T': 10, 'b': '1', 'm': 0.48, 's': 0.11}",2349,0.961169944528492,0.0202474690951944,0.2236181955853543,0.5442589589312835,0.06
Nonascutium,-1,stable,0.3635310251326429,0.3733160187865863,"{'R': 13, 'T': 10, 'b': '1', 'm': 0.48, 's': 0.108}",2533,0.9786455155582672,0.0180783222182809,0.2195860095994606,0.5500505993109479,0.07
Decascutium,-1,stable,0.4002922612635767,0.4093755457488283,"{'R': 13, 'T': 10, 'b': '1', 'm': 0.48, 's': 0.108}",2852,0.9731379731379732,0.0146386725997141,0.2430869693116703,0.5031311647016081,0.08
Dodecascutium,-1,soup,0.473298104790611,1.7917734823427391,"{'R': 13, 'T': 10, 'b': '1', 'm': 0.48, 's': 0.108}",3457,0.9730021598272138,0.014797343055362,0.2943366502583491,0.4054038505238875,0.1
Tetradecascutium,-1,soup,0.5474159605740488,1.8518152800338803,"{'R': 13, 'T': 10, 'b': '1', 'm': 0.47, 's': 0.106}",4037,0.9763969171483622,0.0097126163420636,0.3562169506649299,0.2871379005930773,0.11
Tetracosascutium,-1,soup,0.852049666432689,2.04843802239277,"{'R': 13, 'T': 10, 'b': '1', 'm': 0.47, 's': 0.105}",6884,0.9593675307961024,0.0070021114404638,0.4992444365637019,0.0630461649340943,0.24
Catenoscutium bidirectus,91,,0.0643306911864774,,"{'R': 13, 'T': 10, 'b': '1', 'm': 0.29, 's': 0.043}",344,1.0,0.1407878168510813,0.0703053043550073,0.749615618006924,0.0
Gyropteron arcus,-1,stable,0.0576569036770504,0.0514469667041405,"{'R': 13, 'T': 10, 'b': '1', 'm': 0.283, 's': 0.0481}",316,0.926829268292683,0.1394923027600274,0.1157801559197924,0.6328843686686597,0.02
Gyropteron cavus,-1,stable,0.0540702600475941,0.0605439252688104,"{'R': 13, 'T': 10, 'b': '1', 'm': 0.25, 's': 0.04}",281,0.8926380368098159,0.2271869116288017,0.1259009019184951,0.5508314497961475,0.02
Gyropteron serratus velox,-1,stable,0.0662857485468205,0.0670205895423508,"{'R': 18, 'T': 10, 'b': '1/12,1/4,1/2,1', 'm': 0.21, 's': 0.032}",350,0.8888888888888888,0.1415347500645538,0.104647387445093,0.5881244444413102,0.39
Gyropteron serratus turbulentus,-1,stable,0.0555102056787755,0.0174277381479542,"{'R': 10, 'T': 10, 'b': '1/2,1', 'm': 0.21, 's': 0.028}",303,0.9080779944289692,0.2224536269372918,0.0668635521840209,0.6867308012337452,0.2
Synptera cavus saliens,-1,stable,0.0888106145034274,0.0835129613105034,"{'R': 13, 'T': 10, 'b': '1', 'm': 0.26, 's': 0.038}",506,0.9569707401032702,0.1156606572634442,0.1123038552453976,0.6126027856625472,0.39
Synptera cavus pedes,-1,stable,0.0981362181631547,0.3724278838445472,"{'R': 13, 'T': 10, 'b': '1', 'm': 0.238, 's': 0.0398}",556,0.9010654490106544,0.1346330745978269,0.1898562454570818,0.3072321371011748,0.12
Synptera sinus pedes,-1,stable,0.0898015232700538,0.0837162649510925,"{'R': 13, 'T': 10, 'b': '1', 'm': 0.22, 's': 0.034}",508,0.8987341772151899,0.2461524875606314,0.1500423437863448,0.406463579819615,0.28
Pyroscutium arcus pedes,-1,stable,0.1039200616384814,0.0998670557442774,"{'R': 13, 'T': 10, 'b': '1', 'm': 0.331, 's': 0.0543}",589,0.9461663947797716,0.0824289846791501,0.1077585139003743,0.681796992199471,0.06
Pyroscutium ambiguus,-1,stable,0.0977622382491752,0.106433879485857,"{'R': 13, 'T': 10, 'b': '1', 'm': 0.349, 's': 0.0605}",568,0.94824016563147,0.0726245655347424,0.0248917379749946,0.9005636572477203,0.04
Synptera serratus arcus pedes,-1,stable,0.1083927510058997,0.1106060739607713,"{'R': 10, 'T': 10, 'b': '1/2,1', 'm': 0.31, 's': 0.055}",627,0.8718929254302104,0.0811694454903491,0.1371489941195334,0.5936992882576807,0.21
Synptera serratus cavus labens,-1,stable,0.1042662588774861,0.1051457208040907,"{'R': 10, 'T': 10, 'b': '1/2,1', 'm': 0.27, 's': 0.047}",609,0.950381679389313,0.2005785258912532,0.1434496538908133,0.5178273322081884,0.39
Synptera serratus cavus saliens,-1,stable,0.0935158245226982,0.0998635898529795,"{'R': 10, 'T': 10, 'b': '1/2,1', 'm': 0.25, 's': 0.038}",513,0.9514348785871964,0.1375121024035307,0.1026602191289705,0.6169956004666618,0.3
Synptera serratus sinus labens,-1,stable,0.0914816133065025,0.0899555337948288,"{'R': 10, 'T': 10, 'b': '1/2,1', 'm': 0.24, 's': 0.037}",515,0.9173693086003372,0.1739206762818623,0.1191113295652249,0.5368907514780243,0.32
Synptera serratus sinus pedes,-1,stable,0.1086182059180656,0.1062104638501158,"{'R': 10, 'T': 10, 'b': '1/12,1/2,1', 'm': 0.24, 's': 0.038}",626,0.9408672798948752,0.1182348201755665,0.1758990217501221,0.3736575721542126,0.24
Pyroscutium ambiguus serratus,-1,stable,0.1227511860642511,0.1657802989503451,"{'R': 13, 'T': 10, 'b': '5/12,1,1/2', 'm': 0.304, 's': 0.046}",716,0.9559939301972686,0.0746485528318788,0.141672532290169,0.5488878939961277,0.05
Paraptera arcus labens,-1,stable,0.1331986688264595,0.1381973370613279,"{'R': 13, 'T': 10, 'b': '1', 'm': 0.357, 's': 0.059}",779,0.9647519582245432,0.053490162488438,0.1200611511734849,0.6745263083990141,0.2
Paraptera arcus saliens,-1,stable,0.1375641090625841,0.1464061719690652,"{'R': 13, 'T': 10, 'b': '1', 'm': 0.33, 's': 0.0565}",812,0.9637952559300874,0.0875248859978266,0.1884467262431305,0.4766298181863537,0.22
Paraptera arcus saliens ignis,-1,stable,0.1107438221749773,0.1333215269805801,"{'R': 13, 'T': 10, 'b': '1', 'm': 0.313, 's': 0.05}",656,0.9646017699115044,0.1120022349534353,0.1666283979044286,0.5136972209071209,0.22
Paraptera arcus pedes,-1,stable,0.1503586869151526,0.1576664075502551,"{'R': 13, 'T': 10, 'b': '1', 'm': 0.362, 's': 0.0665}",907,0.9498886414253898,0.0588115803873629,0.1807206853376792,0.5289568746095108,0.15
Paraptera cavus labens,-1,stable,0.1176382328939951,0.1205761202969891,"{'R': 13, 'T': 10, 'b': '1', 'm': 0.329, 's': 0.0481}",686,0.9678407350689128,0.0983068345445749,0.057495781947388,0.8239461411573432,0.32
Paraptera cavus salien,-1,stable,0.1029973038894231,0.1038030843042783,"{'R': 13, 'T': 10, 'b': '1', 'm': 0.261, 's': 0.0372}",592,0.9546875,0.124103454608995,0.1094076161143761,0.621706747755186,0.33
Paraptera cavus pedes,-1,stable,0.1154462073685999,0.1175214401281577,"{'R': 13, 'T': 10, 'b': '1', 'm': 0.301, 's': 0.0454}",669,0.9424242424242424,0.0981386136761249,0.129051566497428,0.6071792591189596,0.32
Paraptera cavus furiosus,-1,stable,0.1092542333075036,0.1098307188853283,"{'R': 13, 'T': 10, 'b': '1', 'm': 0.297, 's': 0.0405}",633,0.9487179487179488,0.119355753774445,0.0295716964207953,0.8912982172858197,0.27
Paraptera orbis pedes,-1,stable,0.1070504533448008,0.1103907823347642,"{'R': 13, 'T': 10, 'b': '1', 'm': 0.246, 's': 0.037}",623,0.9391304347826088,0.1318521268404305,0.1524342957908783,0.4596320454752877,0.27
Paraptera orbis furiosus,-1,stable,0.1009175581149832,0.099587823528771,"{'R': 13, 'T': 10, 'b': '1', 'm': 0.235, 's': 0.0323}",578,0.9507246376811594,0.0899544292013678,0.1102506879098107,0.5808460606990132,0.21
Paraptera sinus labens,119,,0.1144912171872064,,"{'R': 13, 'T': 10, 'b': '1', 'm': 0.33, 's': 0.0462}",668,0.926490984743412,0.0963524809282691,0.0235758699504017,0.922688106134182,0.24
Paraptera sinus pedes,-1,stable,0.1078781038918392,0.1130592531785897,"{'R': 13, 'T': 10, 'b': '1', 'm': 0.313, 's': 0.041}",630,0.8922558922558923,0.0818533831174993,0.0045276463372845,0.9799696089347802,0.24
Paraptera ambiguus,479,,0.1418902298231541,,"{'R': 13, 'T': 10, 'b': '1', 'm': 0.374, 's': 0.0675}",846,0.9541029207232268,0.0500420094017736,0.1487225703444937,0.6171362381820082,0.13
Paraptera serratus arcus saliens,-1,stable,0.1310685590904042,0.147242963110125,"{'R': 10, 'T': 10, 'b': '1/2,1', 'm': 0.34, 's': 0.059}",790,0.9594755661501788,0.0852389264455734,0.1476870490932645,0.5961669548116179,0.24
Pentapteryx arcus labens,-1,stable,0.1690897771865714,0.1727157762368954,"{'R': 13, 'T': 10, 'b': '1', 'm': 0.373, 's': 0.0645}",1032,0.959910913140312,0.0449526321177248,0.1447325199768044,0.6246735342395869,0.17
Pentapteryx arcus saliens,-1,stable,0.1860670860143362,0.1893176386116629,"{'R': 13, 'T': 10, 'b': '1', 'm': 0.348, 's': 0.0631}",1147,0.951271186440678,0.0561332811995215,0.2177161557410868,0.4227271023557231,0.19
Pentapteryx arcus pedes,-1,soup,0.1901221037666928,1.8677860876124528,"{'R': 13, 'T': 10, 'b': '1', 'm': 0.32, 's': 0.0567}",1172,0.9132290184921764,0.0716264552217386,0.2361547407573385,0.3442491110757054,0.23
Pentapteryx cavus labens,141,,0.1426562385604609,,"{'R': 13, 'T': 10, 'b': '1', 'm': 0.34, 's': 0.05}",854,0.9574468085106383,0.0895840570961395,0.1022409840478057,0.7084161763857327,0.21
Pentapteryx cavus saliens,-1,stable,0.1476103571184938,0.1469142711171405,"{'R': 13, 'T': 10, 'b': '1', 'm': 0.298, 's': 0.0469}",890,0.9609375,0.0936271298601235,0.1789783994357089,0.4593252051551313,0.29
Pentapteryx cavus pedes,-1,stable,0.1561344650205146,0.1656802395272207,"{'R': 13, 'T': 10, 'b': '1', 'm': 0.322, 's': 0.0531}",957,0.9556886227544912,0.0881568953286083,0.1948807715924571,0.4505852402803741,0.23
Pentapteryx cavus furiosus,-1,stable,0.1322378406889909,0.1360287122015793,"{'R': 13, 'T': 10, 'b': '1', 'm': 0.285, 's': 0.0408}",787,0.9569313593539704,0.1159249916961991,0.1443648045591445,0.5448810694062476,0.27
Pentapteryx arcus valvatus,401,,0.1750663412964298,,"{'R': 13, 'T': 10, 'b': '1', 'm': 0.383, 's': 0.0695}",1070,0.9691428571428572,0.030300953490634,0.1520250934836271,0.6160589651367528,0.13
Pentapteryx serratus cavus labens,-1,stable,0.1572675471768412,0.1615016461098027,"{'R': 10, 'T': 10, 'b': '1/2,1', 'm': 0.34, 's': 0.056}",961,0.9539078156312624,0.0755665179938889,0.1316082128521626,0.6366148439502803,0.13
Hexapteryx arcus labens,-1,stable,0.2162367944226339,0.2208093426200711,"{'R': 13, 'T': 10, 'b': '1', 'm': 0.38, 's': 0.07}",1341,0.9754322111010008,0.0348770631528041,0.2009695759297061,0.4952912034345689,0.17
Hexapteryx cavus labens,138,,0.1635569517791776,,"{'R': 13, 'T': 10, 'b': '1', 'm': 0.34, 's': 0.05}",1015,0.9413173652694612,0.0688967796975939,0.1107834808292423,0.685889767755386,0.24
Hexapteryx serratus cavus labens,-1,stable,0.1934047795362966,0.1968654574633707,"{'R': 10, 'T': 10, 'b': '1/2,1', 'm': 0.36, 's': 0.062}",1207,0.9739368998628258,0.0694053878968885,0.1565028896456846,0.592614242520488,0.21
Heptapteryx arcus labens,-1,stable,0.2436923425001737,0.2521977927743502,"{'R': 13, 'T': 10, 'b': '1', 'm': 0.38, 's': 0.07}",1516,0.9704545454545456,0.0427609220612997,0.2169025427679294,0.4578027261348377,0.17
Heptapteryx cavus labens,-1,stable,0.1887061170920234,0.1944363204999678,"{'R': 13, 'T': 10, 'b': '1', 'm': 0.34, 's': 0.05}",1168,0.9612403100775194,0.0704762735840745,0.1449130300124021,0.5942893375493019,0.21
Heptapteryx cavus labens cunctans,162,,0.1840635710733756,,"{'R': 13, 'T': 10, 'b': '1', 'm': 0.333, 's': 0.048}",1128,0.9583333333333334,0.0552189096719204,0.1241569977678832,0.6434866150020753,0.22
Heptapteryx serratus cavus labens,-1,soup,0.2189539074651307,1.6260118164746034,"{'R': 10, 'T': 10, 'b': '1/2,1', 'm': 0.36, 's': 0.061}",1407,0.9489685124864278,0.0569652744048988,0.167370684595474,0.5625300618507405,0.08
Heptapteryx serratus liquefaciens,-1,stable,0.1991956393177421,0.2192952629817984,"{'R': 10, 'T': 10, 'b': '3/4,1,1', 'm': 0.34, 's': 0.051}",1262,0.9349269588313412,0.0601121463131841,0.1249358235240129,0.6394663381258902,0.19
Octapteryx arcus labens,-1,stable,0.2730302529328037,0.2845815998333097,"{'R': 13, 'T': 10, 'b': '1', 'm': 0.38, 's': 0.07}",1735,0.9561128526645768,0.0423845078727974,0.2429920701934085,0.3954502421053549,0.15
Octapteryx cavus labens,461,,0.2109934838186198,,"{'R': 13, 'T': 10, 'b': '1', 'm': 0.34, 's': 0.05}",1325,0.9603960396039604,0.0646314379430462,0.1640071197508026,0.5441615295295386,0.24
Octapteryx serratus cavus labens,-1,stable,0.2540386056523723,0.2583995137335263,"{'R': 10, 'T': 10, 'b': '1/2,1', 'm': 0.38, 's': 0.065}",1638,0.961123110151188,0.0476048722661065,0.1694348304995155,0.5699778575755267,0.15
Nonapteryx arcus labens,-1,stable,0.3032384512683197,0.3143231463391832,"{'R': 13, 'T': 10, 'b': '1', 'm': 0.38, 's': 0.07}",1969,0.9676656151419558,0.0346947317376584,0.2620761774933449,0.3543862850487087,0.14
Nonapteryx cavus labens,-1,stable,0.2467758102291692,0.2530243770817963,"{'R': 13, 'T': 10, 'b': '1', 'm': 0.34, 's': 0.053}",1582,0.9487179487179488,0.0561424933635586,0.2198566896334018,0.4045395482490831,0.17
Nonapteryx serratus cavus labens,-1,stable,0.295606353251781,0.3011312173926421,"{'R': 10, 'T': 10, 'b': '1/2,1', 'm': 0.39, 's': 0.068}",1953,0.968833481745325,0.0332716624531441,0.1910306793863045,0.5262718112423563,0.1
Nonapteryx serratus sinus labens,-1,stable,0.2767230497518019,0.2813363790103125,"{'R': 10, 'T': 10, 'b': '1/2,1', 'm': 0.38, 's': 0.064}",1815,0.9118150684931506,0.0402341108525462,0.1782130714512284,0.5486555830470631,0.07
Decapteryx arcus labens,-1,stable,0.3376126610693342,0.344877615775344,"{'R': 13, 'T': 10, 'b': '1', 'm': 0.38, 's': 0.07}",2272,0.9576453697056712,0.037111237198431,0.2918705187748874,0.2908569040190311,0.16
Decapteryx cavus labens,-1,stable,0.267410128236156,0.2775257824355924,"{'R': 13, 'T': 10, 'b': '1', 'm': 0.34, 's': 0.053}",1765,0.955177743431221,0.0468361466891432,0.2373394478054321,0.3607961553230274,0.19
Decapteryx serratus sinus labens,-1,stable,0.3388602484627402,0.3464075019254722,"{'R': 10, 'T': 10, 'b': '1/2,1', 'm': 0.39, 's': 0.07}",2268,0.9746657283603096,0.0263205169824709,0.2343006992116318,0.4255718212637934,0.1
Tridecapteryx arcus valvatus,-1,stable,0.4351623905437589,0.6589124626519821,"{'R': 13, 'T': 10, 'b': '1', 'm': 0.402, 's': 0.0798}",3017,0.971185640056684,0.0191329484571712,0.357238374817623,0.1914758734844921,0.2
Tetracosapteryx arcus labens,-1,stable,0.7020834579229899,0.7403119559851823,"{'R': 13, 'T': 10, 'b': '1', 'm': 0.38, 's': 0.07}",5297,0.9407582938388626,0.0177898277226949,0.4274654308240616,0.060323804392838,0.31
Tetracosapteryx cavus labens,-1,stable,0.5578801214801036,0.5830050347189903,"{'R': 13, 'T': 10, 'b': '1', 'm': 0.34, 's': 0.053}",4155,0.9654515778019588,0.0239038558897559,0.3780720507186648,0.0927267681333289,0.26
Hexacaudopteryx,-1,soup,0.2575546930046323,0.8994017384877853,"{'R': 13, 'T': 10, 'b': '1', 'm': 0.35, 's': 0.048}",1691,0.969434832756632,0.1901260767588554,0.0801731887898582,0.7673935543692149,0.05
Hexacaudopteryx serratus cavus labens,-1,stable,0.2241134191457846,0.2261513045289052,"{'R': 10, 'T': 10, 'b': '1/2,1', 'm': 0.36, 's': 0.063}",1437,0.9361344537815126,0.1022110231827786,0.1749793555548799,0.544797801515154,0.06
Octacaudopteryx serratus cavus labens,-1,stable,0.2744373611410696,0.2815685798327098,"{'R': 10, 'T': 10, 'b': '1/2,1', 'm': 0.38, 's': 0.064}",1814,0.9413287316652288,0.0555956563758192,0.1634170468795316,0.5846165583526944,0.04
Decacaudopteryx serratus sinus labens,-1,soup,0.3398801411918951,1.8100278452031824,"{'R': 10, 'T': 10, 'b': '1/2,1', 'm': 0.38, 's': 0.065}",2319,0.962640099626401,0.0338725492725599,0.2209055670005699,0.4467940526748303,0.05
Catenopteryx cyclon,-1,soup,0.1165495590646356,1.280722565765494,"{'R': 13, 'T': 5, 'b': '1', 'm': 0.34, 's': 0.045}",694,0.9102564102564102,0.2633791319372334,0.0340764042589255,0.8986093733688765,0.0
Catenopteryx cyclon scutoides,-1,soup,0.1336217669671668,1.0755944499335974,"{'R': 13, 'T': 5, 'b': '1', 'm': 0.38, 's': 0.07}",848,0.9803108808290156,0.3449760683648507,0.3218500162379545,0.2700050858693094,0.0
Catenopteryx cinguli,-1,stable,0.6159842713267755,0.634962006061227,"{'R': 13, 'T': 5, 'b': '1', 'm': 0.38, 's': 0.07}",4594,0.8794642857142857,0.0559107885952955,0.3607993762043209,0.2111519795352771,0.56
Catenopteryx serratus cinguli,393,,0.3414034298829278,,"{'R': 10, 'T': 10, 'b': '1/2,1', 'm': 0.38, 's': 0.062}",2312,0.9387254901960784,0.0377693646930841,0.1704994907442681,0.5634446395498128,0.11
Helicium solidus,-1,stable,0.1074098810998033,0.1069452496641715,"{'R': 13, 'T': 10, 'b': '1', 'm': 0.35, 's': 0.059}",657,0.8855263157894737,0.1092840496474529,0.0502281602757161,0.8467156018124764,0.05
Helicium arcus saliens,-1,stable,0.1003466629228039,0.105475456012182,"{'R': 13, 'T': 10, 'b': '1', 'm': 0.3, 's': 0.0474}",578,0.8609865470852018,0.1268390698243065,0.0755677366413436,0.7613787928241216,0.15
Helicium arcus saliens ignis,-1,soup,0.1096529352256568,1.1487683153337254,"{'R': 13, 'T': 10, 'b': '1', 'm': 0.323, 's': 0.0577}",642,0.8770053475935828,0.2201742242130231,0.1737290727884976,0.5059369701369424,0.04
Helicium arcus pedes,-1,stable,0.1043897985594716,0.1097132767469307,"{'R': 13, 'T': 10, 'b': '1', 'm': 0.3, 's': 0.0505}",601,0.8644793152639088,0.1392050917052867,0.1594513908163243,0.5216628371476996,0.13
Helicium cavus pedes,-1,soup,0.0897610460384946,1.288977528085689,"{'R': 13, 'T': 10, 'b': '1', 'm': 0.22, 's': 0.034}",507,0.8589951377633711,0.1878250182615428,0.1422459626513759,0.4346828800392776,0.07
Helicium serratus ocellus,-1,stable,0.1050420870634797,0.1067162653460431,"{'R': 10, 'T': 10, 'b': '1/2,1', 'm': 0.31, 's': 0.048}",608,0.8519040902679831,0.1350932353158941,0.0655461733782298,0.7871911033596085,0.23
Helicium serratus velox,-1,stable,0.104983766492616,0.1058110566132841,"{'R': 10, 'T': 10, 'b': '1/2,1', 'm': 0.29, 's': 0.047}",600,0.8913043478260869,0.17323161438269,0.1223713489651043,0.6100097853037743,0.22
Helicium serratus turbulentus,-1,stable,0.1063976685941683,0.1007524724996346,"{'R': 18, 'T': 10, 'b': '1/4,1/2,3/4,1', 'm': 0.2, 's': 0.02}",607,0.8746594005449592,0.1346156441953737,0.1047710363224712,0.6214876295821968,0.25
Pentahelicium solidus,360,,0.1494202034782192,,"{'R': 13, 'T': 10, 'b': '1', 'm': 0.35, 's': 0.048}",925,0.827027027027027,0.0799803090675097,0.0117194115084188,0.9563173086042472,0.06
Pentahelicium ignis,-1,stable,0.1609320396376261,0.1652968557728752,"{'R': 13, 'T': 10, 'b': '1', 'm': 0.32, 's': 0.039}",972,0.6766519823788546,0.074357114805314,0.0088585671848085,0.9650116843633768,0.1
Pentahelicium serratus limus,-1,stable,0.1642705276872076,0.1651337599914676,"{'R': 10, 'T': 10, 'b': '1/2,1', 'm': 0.37, 's': 0.06}",1035,0.8122529644268774,0.0853471297169451,0.0992992267727265,0.7364439151665934,0.06
Heptahelicium solidus,-1,stable,0.2357243879022309,0.2338043957430071,"{'R': 13, 'T': 10, 'b': '1', 'm': 0.38, 's': 0.055}",1556,0.7970540098199672,0.032052833480163,0.0499361539670275,0.8608130514873914,0.07
Heptahelicium ignis,-1,stable,0.2448634295461078,0.2552039667830791,"{'R': 13, 'T': 10, 'b': '1', 'm': 0.37, 's': 0.053}",1611,0.665359477124183,0.0362368517551534,0.0653399107979813,0.8153949223196256,0.07
Heptahelicium serratus limus,-1,stable,0.2328621717203308,0.2356352143795915,"{'R': 10, 'T': 10, 'b': '1/2,1', 'm': 0.37, 's': 0.058}",1522,0.7896341463414634,0.0474657620987896,0.12907530354292,0.6614649921986175,0.08
Nonahelicium solidus,-1,stable,0.3477700541173302,0.3546438669660734,"{'R': 13, 'T': 10, 'b': '1', 'm': 0.4, 's': 0.063}",2419,0.4456157163392429,0.0180115449676946,0.1596568623544512,0.6019803968401671,0.04
Nonahelicium ignis,-1,stable,0.3012839987499746,0.3184614805755896,"{'R': 13, 'T': 10, 'b': '1', 'm': 0.372, 's': 0.0496}",2068,0.3800882785679254,0.0289297802912681,0.0764055180002831,0.7827854983791948,0.04
Nonahelicium serratus,-1,stable,0.2780497381108882,0.2720734202216737,"{'R': 10, 'T': 10, 'b': '1/2,1', 'm': 0.39, 's': 0.064}",1890,0.8252427184466019,0.0348219331876808,0.1523647654648546,0.6160146994484884,0.03
Tetrahelicium(?),124,,0.1549459783165867,,"{'R': 13, 'T': 10, 'b': '1', 'm': 0.372, 's': 0.0575}",960,0.7358834244080146,0.058527615704462,0.0621240306270042,0.8281430936466413,0.0
Tetrahelicium serratus,-1,stable,0.1210346234010096,0.027207923450542,"{'R': 10, 'T': 10, 'b': '1/2,1', 'm': 0.36, 's': 0.058}",732,0.8207547169811321,0.1000292288914852,0.0571425222761018,0.8301277420748726,0.11
Tetrahelicium serratus fractus,-1,stable,0.1216423247233129,0.1216541884878724,"{'R': 10, 'T': 10, 'b': '1/2,1', 'm': 0.31, 's': 0.047}",714,0.8357142857142857,0.0875699942335846,0.0923299986513209,0.7103018562429335,0.25
Tetrahelicium serratus turbulentus,-1,stable,0.1198337137947978,0.1189188772898849,"{'R': 10, 'T': 10, 'b': '1/2,1', 'm': 0.29, 's': 0.043}",700,0.8240963855421687,0.1056869034442132,0.0997138664857161,0.6766057947473297,0.25
Hexahelicium solidus,225,,0.2007892035842833,,"{'R': 13, 'T': 10, 'b': '1', 'm': 0.37, 's': 0.05}",1272,0.7426470588235294,0.0465085005761598,0.0092051360535795,0.9662563230159924,0.06
Hexahelicium ignis,-1,stable,0.2046407617379748,0.2104936338041771,"{'R': 13, 'T': 10, 'b': '1', 'm': 0.35, 's': 0.0445}",1290,0.6144927536231884,0.0528840888970556,0.0089962600226472,0.9646610023488648,0.09
Hexahelicium serratus,-1,stable,0.1882644509363149,0.1915423032105788,"{'R': 10, 'T': 10, 'b': '1/2,1', 'm': 0.39, 's': 0.067}",1217,0.8641304347826086,0.0604631798854846,0.1315822707459827,0.6673033412105845,0.09
Octahelicium,-1,soup,0.2684298901963997,1.158521224594397,"{'R': 13, 'T': 10, 'b': '1', 'm': 0.38, 's': 0.055}",1790,0.78239608801956,0.033290618674629,0.0816568542036561,0.777475053147862,0.03
Octahelicium serratus,-1,stable,0.2930259821147731,0.2911303392136289,"{'R': 10, 'T': 10, 'b': '1/2,1', 'm': 0.37, 's': 0.058}",1948,0.8444444444444444,0.0316229161452361,0.1409254864431658,0.6306419027303674,0.11
Decahelicium,-1,stable,0.3456922456214811,0.3555338880534677,"{'R': 13, 'T': 10, 'b': '1', 'm': 0.41, 's': 0.066}",2424,0.6235138705416117,0.0203335109501782,0.1651594128052824,0.5977124167376967,0.05
Decahelicium serratus,-1,stable,0.3406402003462375,0.3472207544744451,"{'R': 10, 'T': 10, 'b': '1/2,1', 'm': 0.41, 's': 0.07}",2412,0.8348909657320872,0.0276876787337172,0.167500136483661,0.5956417900588402,0.02
Dodecahelicium limus,-1,stable,0.38883777512265,0.392849297497726,"{'R': 13, 'T': 10, 'b': '1', 'm': 0.42, 's': 0.07}",2790,0.6995305164319249,0.0179680476236137,0.1808693530470904,0.5689320049678093,0.05
Catenohelicium monospirae,-1,soup,0.2368140585013809,0.7734095229079584,"{'R': 13, 'T': 10, 'b': '1', 'm': 0.35, 's': 0.0428}",1566,0.5845110231769362,0.0453544653102225,0.0122916446865424,0.9551897428640734,0.04
Catenohelicium bispirae vacuoides,-1,soup,0.1781063732889542,1.13690913365514,"{'R': 13, 'T': 5, 'b': '1', 'm': 0.33, 's': 0.047}",1094,0.8614718614718615,0.0472378136637763,0.3759789506025284,0.0527074496783239,0.01
Catenohelicium bispirae scutoides,-1,soup,0.1859767526781791,1.963031115308316,"{'R': 13, 'T': 10, 'b': '1', 'm': 0.407, 's': 0.0806}",1140,0.8433333333333334,0.0350943943291735,0.1678913265810013,0.5983363932238158,0.01
Circium lithos apertus,-1,stable,0.0113697389598061,0.0128314504131681,"{'R': 13, 'T': 10, 'b': '1', 'm': 0.16, 's': 0.023}",66,1.0,1.908987347133306,0.0595980354410341,0.6624163448418878,0.34
Circium lithos opertus,-1,stable,0.0368745062538719,0.0368745062538719,"{'R': 13, 'T': 10, 'b': '1', 'm': 0.808, 's': 0.367}",256,1.0,0.0,0.0031576576991705,0.9931049698528732,0.24
Circium ventilans,-1,stable,0.0327790959185386,0.0280235953361991,"{'R': 13, 'T': 10, 'b': '1', 'm': 0.38, 's': 0.07}",188,1.0,0.0096738868339361,0.0015078691471827,0.9953274931846126,0.38
Circium ventilans tenuis,-1,stable,0.0110793945344417,0.0128422467646342,"{'R': 13, 'T': 10, 'b': '1', 'm': 0.146, 's': 0.0199}",60,1.0,1.332828266220388,0.0496003910364965,0.6901525385337641,0.53
Circium ventilans lateralis,106,,0.0252425658386812,,"{'R': 13, 'T': 10, 'b': '1', 'm': 0.275, 's': 0.0357}",133,0.9806451612903224,0.617307553744144,0.0014112267073486,0.9948471869299946,0.07
Circium ventilans scintillans,172,,0.0204463223466995,,"{'R': 13, 'T': 10, 'b': '1', 'm': 0.3, 's': 0.0243}",119,0.9929078014184396,0.1314299337671643,0.0016162822742454,0.99519701804533,0.04
Circium ventilans cumulans,-1,stable,0.0204381860142986,0.0192892141325944,"{'R': 13, 'T': 10, 'b': '1', 'm': 0.319, 's': 0.0136}",120,1.0,0.0,0.0017382896391074,0.9953184027419384,0.1
Circium rupturus,-1,soup,0.0236927141143454,0.6708568713693347,"{'R': 13, 'T': 10, 'b': '1', 'm': 0.079, 's': 0.0107}",120,0.9597989949748744,1.705251642778952,0.0433329124178725,0.6267211215383742,0.0
Discutium pachus,-1,soup,0.0983926520074128,1.6261234908857447,"{'R': 13, 'T': 10, 'b': '1', 'm': 0.545, 's': 0.186}",607,1.0,0.0649394629409264,0.1032620725972744,0.815350700448809,0.15
Trihelicium pachus,-1,soup,0.1077691254203499,1.144842916924967,"{'R': 13, 'T': 10, 'b': '1', 'm': 0.46, 's': 0.119}",653,0.9209809264305178,0.1716760836378309,0.1458521871836944,0.692355311443829,0.03
max-fleet,-1,soup,0.8211285109646556,0.8532574459927641,"{'R': 13, 'T': 10, 'b': '1', 'm': 0.337, 's': 0.057}",6575,0.7612239444147515,0.007860848827816,0.4001873212911431,0.0431756683421961,0.25
Aerogeminium volitans,-1,stable,0.1319254119899339,0.1334845417348633,"{'R': 18, 'T': 10, 'b': '1,11/12', 'm': 0.32, 's': 0.051}",859,0.9461077844311376,0.244313224204041,0.0838836036168609,0.7584371417566974,0.19
Aerogeminium ambiguus,-1,stable,0.150023199099538,0.1456429807210928,"{'R': 18, 'T': 10, 'b': '1,5/6', 'm': 0.29, 's': 0.041}",920,0.897196261682243,0.1808431734520106,0.0695409030203574,0.7815778265814202,0.29
Aerogeminium quietus,-1,stable,0.1175749059194589,0.0559590026089658,"{'R': 18, 'T': 10, 'b': '1,1,1', 'm': 0.3, 's': 0.048}",853,0.952486187845304,0.2844343483830483,0.2135999161392918,0.3494350170473558,0.47
Aerogeminium labens,-1,stable,0.0990313708797819,0.1040363690736485,"{'R': 18, 'T': 10, 'b': '1,5/6,2/3', 'm': 0.23, 's': 0.026}",612,1.0,0.305986740877578,0.0492638991991609,0.8118505263313989,0.37
Hydrogeminium limus,-1,soup,0.1272294952997554,0.7956443971850917,"{'R': 18, 'T': 10, 'b': '1,1,1', 'm': 0.26, 's': 0.036}",823,0.8952991452991453,0.2401927315795239,0.0781851330580744,0.664948353781748,0.46
Hydrogeminium natans,-1,stable,0.1569719909443244,0.1611814282770921,"{'R': 18, 'T': 10, 'b': '1/2,1,2/3', 'm': 0.26, 's': 0.036}",1003,0.8480300187617261,0.1962954682555805,0.2291707620171039,0.2875728647428189,0.34
Hydrogeminium labens,-1,stable,0.1379669610356448,0.1326437476801854,"{'R': 18, 'T': 10, 'b': '1/2,1,2/3', 'm': 0.31, 's': 0.053}",934,0.9440175631174532,0.2799149239693693,0.2798720593573338,0.272036539415828,0.3
Spinogeminium solidus,-1,stable,0.0841860001990542,0.0833015709931316,"{'R': 18, 'T': 10, 'b': '3/4,1,1/2', 'm': 0.216, 's': 0.0252}",507,0.929188255613126,0.2090057449507537,0.1027003901443397,0.5576568822985095,0.25
Spinogeminium limus,-1,stable,0.0796281156666641,0.0437421624794175,"{'R': 18, 'T': 10, 'b': '3/4,1,1/2', 'm': 0.195, 's': 0.0198}",469,0.8960396039603961,0.1813748471411463,0.045057366579511,0.7888029590891638,0.25
Gyrogeminium velox,-1,stable,0.1906023729814057,0.1901716460793536,"{'R': 18, 'T': 10, 'b': '1,1,1', 'm': 0.25, 's': 0.034}",1193,0.7903225806451613,0.1336770664878413,0.1241962967275325,0.5018475979897673,0.45
Gyrogeminium tardus,-1,stable,0.1800859336253997,0.1941376398197943,"{'R': 18, 'T': 10, 'b': '1,1,1', 'm': 0.27, 's': 0.038}",1112,0.9068219633943428,0.132529412352312,0.089005959504495,0.6320493088648166,0.44
Gyrogeminium serratus,-1,stable,0.1835933020769427,0.0459830408716124,"{'R': 18, 'T': 10, 'b': '1/2,1,1/2', 'm': 0.24, 's': 0.03}",1139,0.8266666666666667,0.086352685628517,0.1900893520781396,0.2674839043621261,0.3
Circogeminium ventilans,-1,stable,0.1954974062217757,0.1660964083193572,"{'R': 18, 'T': 10, 'b': '1,1,1', 'm': 0.29, 's': 0.035}",1392,0.9452137266706804,0.3670433237143051,0.0189056363648316,0.948896116327571,0.11
Kronium solidus,-1,stable,0.0586196887765388,0.0608304285720394,"{'R': 18, 'T': 10, 'b': '1,1/2,1/2,1', 'm': 0.22, 's': 0.029}",322,0.9526184538653366,0.2509328869872151,0.0064141379037361,0.9728629433087224,0.23
Kronium tardus,-1,stable,0.0546063358272588,0.0472197789209896,"{'R': 18, 'T': 10, 'b': '1,1/3', 'm': 0.34, 's': 0.062}",319,0.9765013054830288,0.2895541429934619,0.0028289896661826,0.9909173101696844,0.39
Kronium vagus,-1,stable,0.0626115683971649,0.0580079202433584,"{'R': 18, 'T': 10, 'b': '1,1/3', 'm': 0.22, 's': 0.025}",332,0.9582309582309584,0.2775398226957906,0.0052024316687291,0.9751659238040726,0.11
Kronium saliens,-1,stable,0.067215130585456,0.0698212282334397,"{'R': 15, 'T': 10, 'b': '1/2,1/2,1', 'm': 0.23, 's': 0.031}",377,0.972972972972973,0.3352656733655897,0.005221683619059,0.9797108824899255,0.34
Kronium limus,-1,stable,0.0875480189977367,0.0861424809489095,"{'R': 18, 'T': 10, 'b': '5/6,1', 'm': 0.22, 's': 0.03}",489,0.9078260869565218,0.2673036901345786,0.1052928859672833,0.5575818987482979,0.62
Kronium dividuus,-1,stable,0.0697728522880998,0.0706705443627082,"{'R': 18, 'T': 10, 'b': '1,1/3', 'm': 0.24, 's': 0.03}",385,0.943157894736842,0.2043421051158069,0.033063969059548,0.8707072526635421,0.17
Gyrokronium,-1,stable,0.0666309814826183,0.0658617078825187,"{'R': 18, 'T': 10, 'b': '1,1/3', 'm': 0.22, 's': 0.026}",355,0.929384965831435,0.2294786691421869,0.0213711393570905,0.9073554844354232,0.2
Argentokronium,-1,stable,0.0731957617814962,0.0709624403498493,"{'R': 18, 'T': 10, 'b': '1,1/3', 'm': 0.24, 's': 0.025}",403,0.9648711943793912,0.1996756525131555,0.003133873097502,0.985362253004718,0.24
Ferrokronium solidus,-1,stable,0.0848225424863741,0.0860510914091005,"{'R': 18, 'T': 10, 'b': '1,1/2,1/4,3/4', 'm': 0.25, 's': 0.033}",484,0.9382716049382716,0.1105912535064151,0.0142670109189672,0.9506552146148056,0.61
Ferrokronium valvatus centrale,-1,stable,0.0843761912654539,0.0840414097378813,"{'R': 18, 'T': 10, 'b': '1,1', 'm': 0.23, 's': 0.033}",470,0.9386281588447654,0.2097721456971291,0.0929495029973001,0.6283789549415179,0.56
Ferrokronium valvatus laterale,-1,stable,0.0851390396199128,0.0841500063750347,"{'R': 18, 'T': 10, 'b': '1,1', 'm': 0.24, 's': 0.036}",476,0.9515260323159784,0.2490507365228335,0.0857028897258846,0.6706466083787771,0.53
Ferrokronium tardus,-1,stable,0.0787424212605578,0.0792338825719499,"{'R': 18, 'T': 10, 'b': '1,1', 'm': 0.36, 's': 0.068}",498,0.963855421686747,0.1564064374373045,0.0052226748216826,0.9862491212593364,0.55
Ferrokronium circularis,-1,stable,0.0696932153891536,0.0702715732983211,"{'R': 18, 'T': 10, 'b': '1,1', 'm': 0.29, 's': 0.053}",447,0.9753914988814316,0.4672956272816207,0.003317361610566,0.9886074314168674,0.42
Ferrokronium saliens,-1,stable,0.0783583285023618,0.076785752292862,"{'R': 18, 'T': 10, 'b': '1,1/2,1/4,3/4', 'm': 0.28, 's': 0.037}",475,0.9782608695652174,0.1633349120946371,0.0056051391069171,0.983708438726319,0.61
Aurokronium arcus,-1,stable,0.0954307102581708,0.095583599314671,"{'R': 18, 'T': 10, 'b': '1,1/3', 'm': 0.27, 's': 0.036}",546,0.9082278481012658,0.2715395504232445,0.0470343260631482,0.8385865912131513,0.12
Aurokronium cavus,-1,stable,0.0815624010518795,0.0821162716451381,"{'R': 18, 'T': 10, 'b': '1,1/3', 'm': 0.22, 's': 0.024}",452,0.9111111111111112,0.2752052384142608,0.0171904089456513,0.9259683660378264,0.17
Synkronium arcus,-1,stable,0.1036590428993767,0.1050644491683234,"{'R': 18, 'T': 10, 'b': '1,1/3', 'm': 0.29, 's': 0.033}",602,0.9561270801815432,0.2350346704334263,0.0053935233952944,0.980163043331128,0.09
Synkronium cavus,-1,stable,0.096706001354448,0.0964589283022381,"{'R': 18, 'T': 10, 'b': '1,1/3', 'm': 0.24, 's': 0.025}",546,0.9467455621301776,0.2632886715000682,0.0069426213691265,0.9706229416667737,0.23
Florakronium arcus,-1,stable,0.1084937325462586,0.1115697684986492,"{'R': 18, 'T': 10, 'b': '1,1/2', 'm': 0.28, 's': 0.035}",654,0.9638932496075352,0.1683336707219849,0.0222219526518095,0.9291963654339987,0.45
Florakronium cavus,-1,stable,0.0993509065068472,0.0441151688273392,"{'R': 18, 'T': 10, 'b': '1,1/2', 'm': 0.24, 's': 0.0235}",576,0.9378330373001776,0.1725539980548397,0.0056570461171781,0.9781861449955324,0.34
Allikronium,-1,soup,0.1229021240980647,1.1537692565826352,"{'R': 27, 'T': 10, 'b': '1,3/4,1/12', 'm': 0.22, 's': 0.026}",746,0.9369158878504672,0.1853883770088467,0.0648093897514268,0.7391991744911172,0.08
Parakronium arcus,-1,stable,0.1242451998694682,0.1260663921204997,"{'R': 18, 'T': 10, 'b': '1,1/3', 'm': 0.29, 's': 0.033}",732,0.9012987012987012,0.2204084385262449,0.0106824002649124,0.9640039894669644,0.13
Parakronium cavus,-1,stable,0.1218367233997107,0.123561383770366,"{'R': 18, 'T': 10, 'b': '1,1/3', 'm': 0.25, 's': 0.029}",718,0.9364161849710982,0.2183189022787754,0.0456615458619494,0.83299049953751,0.18
Pentakronium arcus,-1,stable,0.1466671405440906,0.1492659702816786,"{'R': 18, 'T': 10, 'b': '1,1/3', 'm': 0.29, 's': 0.034}",903,0.9374288964732652,0.2239465684422051,0.0257045202171533,0.9192132238558804,0.1
Pentakronium cavus,-1,stable,0.1429653548661107,0.1391820278093699,"{'R': 18, 'T': 10, 'b': '1,1/3', 'm': 0.26, 's': 0.029}",858,0.939540507859734,0.1887708917859948,0.0345723153885335,0.8785335053808286,0.15
Hexakronium arcus,-1,stable,0.167109839884157,0.1696433903529232,"{'R': 18, 'T': 10, 'b': '1,1/3', 'm': 0.29, 's': 0.034}",1037,0.9516765285996056,0.1908262774915146,0.041055408090332,0.8717583298973743,0.1
Hexakronium cavus,-1,stable,0.1442128497496253,0.1499664881201294,"{'R': 18, 'T': 10, 'b': '1,1/3', 'm': 0.25, 's': 0.026}",879,0.935632183908046,0.1578373490911397,0.0289635551154455,0.8947602113317932,0.1
Heptakronium arcus,-1,stable,0.1871320965792103,0.1877417248752514,"{'R': 18, 'T': 10, 'b': '1,1/3', 'm': 0.29, 's': 0.034}",1187,0.9335106382978724,0.1583655230398096,0.0535848671243813,0.8334942427814513,0.07
Tetracaudokronium cavus,-1,soup,0.1292911572085819,0.6541930896024103,"{'R': 27, 'T': 10, 'b': '1,1/12,1/12', 'm': 0.26, 's': 0.029}",787,0.9196217494089834,0.2832058553026001,0.0255918933983829,0.9117146972804534,0.13
Pentacaudokronium cavus,-1,stable,0.1433006661394726,0.1437665372573347,"{'R': 27, 'T': 10, 'b': '1,1/12,1/12', 'm': 0.25, 's': 0.026}",889,0.9273127753303964,0.2459919556727121,0.027777049773659,0.902573178822208,0.14
Hexacaudokronium cavus,-1,stable,0.1661873823138144,0.1641280005884516,"{'R': 27, 'T': 10, 'b': '1,1/12,1/12', 'm': 0.243, 's': 0.0233}",1034,0.8854166666666666,0.213218652355962,0.0186353527060885,0.9294810680830284,0.12
Catenokronium cinguli,154,,0.2950328181365156,,"{'R': 18, 'T': 10, 'b': '1,1/3', 'm': 0.32, 's': 0.0368}",2008,0.8774703557312253,0.1277168583227899,0.0368966849064133,0.8902571458744847,0.05
Tetravolvium,-1,soup,0.0761088317563189,0.8883163537412517,"{'R': 18, 'T': 10, 'b': '1,1/3', 'm': 0.24, 's': 0.0281}",423,0.846441947565543,0.3973658522499677,0.0083314560375529,0.9667626880058068,0.04
Hexavolvium,-1,stable,0.1066048412806911,0.1042669044428102,"{'R': 18, 'T': 10, 'b': '1,1/3', 'm': 0.29, 's': 0.033}",628,0.8521505376344086,0.2973921435520224,0.005326075334639,0.9809162173771536,0.07
Hexavolvium resiliens,-1,stable,0.1151827143862207,0.0461850247663827,"{'R': 18, 'T': 10, 'b': '1,1/2', 'm': 0.27, 's': 0.033}",689,0.9240963855421688,0.2064947009615665,0.018256672455574,0.9409195231687344,0.18
Hexavolvium ulterior,-1,stable,0.1058528888033449,0.1073711099347785,"{'R': 18, 'T': 10, 'b': '1,7/12', 'm': 0.27, 's': 0.034}",635,0.9202127659574468,0.2374685071006909,0.0125576759318742,0.96014606568116,0.24
Crucium arcus,-1,stable,0.115919578578694,0.1162753096736157,"{'R': 27, 'T': 10, 'b': '1,2/3,1/3', 'm': 0.25, 's': 0.033}",742,0.928406466512702,0.3345347848279415,0.0094525705294743,0.972291663464,0.43
Crucium arcus valvatus,-1,stable,0.1141828323631829,0.1112192582222749,"{'R': 27, 'T': 10, 'b': '1,2/3,1/3', 'm': 0.22, 's': 0.024}",698,0.9529702970297028,0.2662658975393078,0.010823287424977,0.9642390652636852,0.25
Crucium arcus anulus,-1,stable,0.1267856081755579,0.1280299765206195,"{'R': 27, 'T': 10, 'b': '1,1/3,1/3', 'm': 0.31, 's': 0.043}",833,0.9438444924406048,0.1644001973040552,0.0136434576360275,0.9670332219663268,0.43
Crucium arcus vagus,-1,stable,0.0972772866008924,0.1127647242499627,"{'R': 27, 'T': 10, 'b': '1,7/12,1', 'm': 0.23, 's': 0.024}",592,0.9032258064516128,0.2957044598443932,0.0098814273762748,0.9683349020194448,0.28
Crucium arcus gyrans,-1,stable,0.1114266299116632,0.1129825035827409,"{'R': 27, 'T': 10, 'b': '1,2/3,1/3', 'm': 0.25, 's': 0.029}",690,0.9236641221374046,0.318406252307214,0.0103907598976889,0.9703233462796156,0.4
Crucium cavus,-1,stable,0.0949875539548734,0.0918722012685151,"{'R': 27, 'T': 10, 'b': '1,1,1/3', 'm': 0.22, 's': 0.028}",598,0.94421768707483,0.3154918393748515,0.0150109759654982,0.9493015587779664,0.5
Crucium cavus anulus,-1,stable,0.1088308098734859,0.1093452711465555,"{'R': 27, 'T': 10, 'b': '1,2/3,1/3', 'm': 0.32, 's': 0.045}",745,0.965435041716329,0.1461242381970471,0.0083299482213269,0.9793780745462904,0.46
Crucium crux,-1,stable,0.1326077237099913,0.1321679057233313,"{'R': 27, 'T': 10, 'b': '1,1/6,5/12', 'm': 0.32, 's': 0.044}",880,0.9732234809474768,0.0937988003568842,0.0117457579754162,0.9723341398529182,0.51
Crucium crux rotans,-1,stable,0.1315908945629773,0.1331872104142861,"{'R': 27, 'T': 10, 'b': '1,1/3,2/3', 'm': 0.28, 's': 0.032}",872,0.9387550200803212,0.1149281570327802,0.0058501698193868,0.9803472307599664,0.6
Crucium crux ventilans,-1,stable,0.1304863252467584,0.1227340425734494,"{'R': 27, 'T': 10, 'b': '1/4,1/4,1', 'm': 0.19, 's': 0.029}",853,0.9797872340425532,0.0072555130527558,0.0097600344700506,0.974633706927328,0.5
Crucium,-1,stable,0.2201227789255071,0.2232645576044355,"{'R': 36, 'T': 10, 'b': '1,2/3,1/3,2/3', 'm': 0.29, 's': 0.029}",1643,0.9756722151088348,0.0865848539717502,0.0199277020478971,0.9605412071781974,0.65
Triradium lithos,-1,stable,0.1172675354829044,0.1211966527392014,"{'R': 36, 'T': 10, 'b': '1,1/2,1/4,3/4', 'm': 0.23, 's': 0.014}",976,0.957847533632287,0.0685099656772936,0.0113106194733563,0.9785577515344032,0.61
Triradium gyrans,153,,0.146250410608747,,"{'R': 36, 'T': 10, 'b': '1,1/2,1/4,3/4', 'm': 0.21, 's': 0.013}",1040,0.8981562774363476,0.0427430235500639,0.0132251955716773,0.9676523591174714,0.52
Triradium rotans,-1,stable,0.164064943191149,0.164732209383014,"{'R': 36, 'T': 10, 'b': '1,1/2,1/2,1/2', 'm': 0.24, 's': 0.019}",1129,0.9385826771653544,0.1262372227481484,0.0125971975069863,0.967028383331788,0.69
Triradium ventilans,-1,stable,0.1703493299147128,0.1754329216358592,"{'R': 36, 'T': 10, 'b': '1,1/2,1/2,1/2', 'm': 0.21, 's': 0.014}",1084,0.94679186228482,0.1749362731971336,0.0125636440548473,0.9637427010315154,0.4
Triradium limus,-1,stable,0.1778550630802969,0.1668099415306957,"{'R': 36, 'T': 10, 'b': '1,1/2,1/2,1/2', 'm': 0.27, 's': 0.022}",1251,0.9647141848976712,0.1082163625923143,0.0125812852229871,0.9697023879357732,0.72
Hexaradium solidus,-1,stable,0.1482139603033141,0.1477382734100936,"{'R': 36, 'T': 10, 'b': '1,3/4,1/2,1/4', 'm': 0.19, 's': 0.018}",961,0.9443016281062554,0.2777102490937625,0.0161558648037991,0.9500351092849986,0.48
Hexaradium valvatus,-1,stable,0.1475641223268264,0.1486019371612445,"{'R': 36, 'T': 10, 'b': '1,3/4,1/2,1/4', 'm': 0.24, 's': 0.027}",1053,0.8788638262322472,0.3561267699318278,0.0191261162835609,0.9558434279277286,0.45
Hexaradium lithos,-1,stable,0.1177698583301824,0.1185550524959906,"{'R': 36, 'T': 10, 'b': '1,2/3,1/3,1/3', 'm': 0.22, 's': 0.022}",997,0.9538977367979884,0.7222057182234702,0.0134650442663773,0.9661439921005388,0.43
Tetrastrium rotans,-1,stable,0.1588524600517312,0.1621468180004024,"{'R': 36, 'T': 10, 'b': '1,2/3,1/3,2/3', 'm': 0.17, 's': 0.017}",1089,0.7564385577630611,0.3354782705325823,0.1103421198552881,0.4579766583687592,0.51
Astrium solidus,-1,stable,0.154832589779102,0.1572113607949791,"{'R': 36, 'T': 10, 'b': '1,1/3,2/3,1', 'm': 0.19, 's': 0.025}",1043,0.8837606837606837,0.1450096065218032,0.0175610723503786,0.956779419622974,0.65
Astrium limus,-1,stable,0.1526574798201831,0.1571672334765108,"{'R': 27, 'T': 10, 'b': '1,1/2,1', 'm': 0.19, 's': 0.021}",954,0.8212728857890148,0.1895888488645441,0.1077426548431327,0.5145417356139276,0.49
Astrium rotans,-1,stable,0.1468315043722822,0.1464852389144194,"{'R': 36, 'T': 10, 'b': '1,1/4,1/2,1', 'm': 0.18, 's': 0.025}",961,0.8241206030150754,0.1812120967909121,0.0656459435932099,0.7600526942743443,0.58
Astrium scintillans,-1,stable,0.1897189019939323,0.2199327160631778,"{'R': 27, 'T': 10, 'b': '2/3,0,1', 'm': 0.31, 's': 0.035}",1357,0.9463087248322148,0.1006638206209208,0.0139932831920152,0.9680498184058712,0.51
Astrium inversus,-1,stable,0.1726795360207627,0.2038086256389192,"{'R': 27, 'T': 10, 'b': '7/12,0,1', 'm': 0.33, 's': 0.048}",1316,1.0,0.0626074724224847,0.014354361051271,0.9689056003515196,0.52
Astrium reversus,-1,stable,0.1719577023188018,0.1744628467321003,"{'R': 27, 'T': 10, 'b': '7/12,1/2,1', 'm': 0.3, 's': 0.054}",1218,0.9057437407952872,0.105764012262128,0.0120752547338194,0.9656712408931124,0.63
Astrium currens,-1,stable,0.2004089586120744,0.2094365488704694,"{'R': 36, 'T': 10, 'b': '1,1/3,2/3,1', 'm': 0.2, 's': 0.022}",1443,0.8188745603751465,0.1951435343268544,0.0283450060271283,0.9210983631647406,0.83
Astrium nausia,-1,stable,0.2296408959264733,0.2260026244365342,"{'R': 36, 'T': 10, 'b': '1,1/6,1/6,3/4', 'm': 0.22, 's': 0.021}",1630,0.8855,0.1330087573778412,0.0187087734726864,0.9479687108033088,0.61
Hexastrium,-1,stable,0.1166977317977845,0.1225230628807875,"{'R': 36, 'T': 10, 'b': '1,1/4,1/2,1', 'm': 0.18, 's': 0.023}",762,0.9144602851323828,0.2172694067156731,0.1376232630743709,0.4494213483540858,0.6
Hexastrium rotans,-1,stable,0.1461509827917301,0.1486601530509264,"{'R': 27, 'T': 10, 'b': '1,1/3,2/3', 'm': 0.25, 's': 0.035}",1057,0.8414442700156985,0.3078795717792942,0.0809015873983969,0.7291349892726269,0.51
Quadrium solidus,-1,stable,0.1532603191400071,0.1549070976362976,"{'R': 36, 'T': 10, 'b': '1,2/3,1/3,2/3', 'm': 0.16, 's': 0.01}",976,0.8904214559386974,0.3222903148930321,0.0123399993168678,0.9561597190467102,0.63
Quadrium minus,-1,stable,0.1346030201178617,0.1377898116221514,"{'R': 36, 'T': 10, 'b': '1,1/2,1/6,1/3', 'm': 0.16, 's': 0.011}",835,0.91005291005291,0.334119333446602,0.0133824243377218,0.9492743502692635,0.37
Quadrium gyrans,-1,stable,0.1579312834807822,0.159337938174409,"{'R': 36, 'T': 10, 'b': '1,1/2,1/3,5/12', 'm': 0.22, 's': 0.022}",1099,0.8763523956723338,0.3722303935132939,0.0158313082883858,0.9580610959175186,0.69
Quadrium vagus,-1,stable,0.1471313497023207,0.131403542964445,"{'R': 36, 'T': 10, 'b': '1,2/3,1/3,2/3', 'm': 0.13, 's': 0.007}",892,0.8603712671509282,0.1479606122422376,0.0086756921074677,0.960285023145206,0.46
Cumulocircium lithos,-1,stable,0.025867514949302,0.0288593484331679,"{'R': 36, 'T': 10, 'b': '1,2/3,1/3,2/3', 'm': 0.16, 's': 0.011}",158,0.9748743718592964,1.0333121136381798,0.0036436846418719,0.9849148679818592,0.24
Cumulocircium scintillans,-1,stable,0.3171024669315367,0.1229252849770859,"{'R': 36, 'T': 10, 'b': '1,2/3,1/3,2/3', 'm': 0.18, 's': 0.0155}",2290,0.9956331877729258,0.4715467706251804,0.1606260069366289,0.4930104588829799,0.01
Dicircium inversus,-1,stable,0.0620568773605025,0.0621429314093198,"{'R': 18, 'T': 10, 'b': '1,1/3', 'm': 0.31, 's': 0.042}",336,0.9797979797979798,0.1457458185576915,0.0019892677199283,0.9923448033824062,0.36
Dicircium rotans,-1,stable,0.047152942150012,0.0461590371775232,"{'R': 18, 'T': 10, 'b': '1,1/3', 'm': 0.36, 's': 0.06}",285,0.9814814814814816,0.1413108782643115,0.0026476389899341,0.9930395695381312,0.39
Dicircium limus,-1,stable,0.0565191475136381,0.0576423061756734,"{'R': 18, 'T': 10, 'b': '1,1/3', 'm': 0.29, 's': 0.038}",310,0.9746478873239436,0.2055367494789897,0.0014167536108227,0.9937122711514168,0.31
Tricircium inversus,-1,stable,0.0534995215315276,0.062683868345358,"{'R': 18, 'T': 10, 'b': '1,1/3', 'm': 0.25, 's': 0.03}",284,0.973293768545994,0.2805686919092138,0.0024853042171996,0.9901036855577876,0.22
Tricircium rotans,-1,stable,0.0504481991168722,0.0488524113802205,"{'R': 27, 'T': 10, 'b': '1,2/3,1/3', 'm': 0.2, 's': 0.017}",321,0.9808219178082191,0.1585304790640916,0.0026969096908559,0.9928325091312696,0.34
Tricircium torquens,-1,stable,0.0504899434632813,0.047581587206544,"{'R': 18, 'T': 10, 'b': '1,1/2', 'm': 0.25, 's': 0.028}",265,0.9389067524115756,0.1762938723377341,0.0018606458354632,0.9922039568405904,0.38
Tricircium vagus,-1,stable,0.0507878577185601,0.0459949170109499,"{'R': 18, 'T': 10, 'b': '1,1/3', 'm': 0.31, 's': 0.044}",286,0.987878787878788,0.3782122037524855,0.0022954862933795,0.9921643719267528,0.24
Tetrcircium torquens,-1,stable,0.0448208075362845,0.0393766106890119,"{'R': 18, 'T': 10, 'b': '1,1', 'm': 0.22, 's': 0.021}",255,0.9333333333333332,0.6925214903974612,0.0026283184896464,0.991275782352476,0.4
Tetrcircium lithos,-1,stable,0.0330094219720457,0.0325240745735711,"{'R': 18, 'T': 10, 'b': '1,2/3', 'm': 0.24, 's': 0.024}",211,0.965648854961832,0.3203914101491317,0.0024508217858146,0.9928717773488678,0.46
Pentcircium rotans,-1,stable,0.0803351813671074,0.0799253341970751,"{'R': 27, 'T': 10, 'b': '1,1,1/2', 'm': 0.19, 's': 0.014}",472,0.9184027777777778,0.2355600305785217,0.0036205027635531,0.9871116371570928,0.59
Pentcircium inversus,-1,stable,0.0777713199685778,0.0763587031784144,"{'R': 27, 'T': 10, 'b': '1,2/3,1/3', 'm': 0.23, 's': 0.026}",482,0.9914236706689536,0.2341428554847027,0.0062152372620952,0.9810050051933804,0.39
Hexcircium inversus,-1,stable,0.0893350521872765,0.1041358237496431,"{'R': 27, 'T': 10, 'b': '1,1/3,1/3', 'm': 0.24, 's': 0.027}",534,0.9806763285024156,0.2053297030982765,0.0067268826303797,0.9787466144151772,0.14
Heptcircium lithos,-1,stable,0.0971000961181278,0.0944931440124356,"{'R': 36, 'T': 10, 'b': '1,1/3,2/3', 'm': 0.21, 's': 0.016}",756,0.9611542730299668,0.6248053288495589,0.0072888403541758,0.9829236991553312,0.57
Heptcircium ventilans,-1,stable,0.1055201837496698,0.089936659097592,"{'R': 36, 'T': 10, 'b': '1,1/3,2/3', 'm': 0.17, 's': 0.012}",705,0.9312638580931264,0.5847917455941638,0.0073201094717071,0.977247795069367,0.1
Octcircium lithos,-1,stable,0.0975515914238973,0.093992736797854,"{'R': 36, 'T': 10, 'b': '1,1/3,2/3', 'm': 0.21, 's': 0.019}",781,0.9592274678111588,0.8132250572743795,0.0108321945635692,0.9710080310358146,0.55
Octcircium ventilans,-1,stable,0.117041065875896,0.1081582083229686,"{'R': 36, 'T': 10, 'b': '1,3/4,1/2,1/4', 'm': 0.18, 's': 0.017}",719,0.9477124183006536,0.2257258716052733,0.0121581955100464,0.9616037655756782,0.37
Deccircium lithos,-1,stable,0.0822984625610936,0.0823983184165046,"{'R': 36, 'T': 10, 'b': '1,0,0,2/3', 'm': 0.18, 's': 0.022}",646,0.9663182346109176,0.8901274153828175,0.1020652543418392,0.5776282809887824,0.56
Hexadentium rotans,-1,stable,0.1031826507409462,0.0999920227042693,"{'R': 18, 'T': 10, 'b': '1,3/4', 'm': 0.27, 's': 0.039}",649,0.914396887159533,0.2994350221600472,0.0746418940534226,0.7501351896934412,0.14
Hexadentium scintillans,-1,stable,0.0866664064284181,0.0864436329141779,"{'R': 18, 'T': 10, 'b': '1,3/4', 'm': 0.18, 's': 0.018}",499,0.8728682170542635,0.2769782045500618,0.0370584393380411,0.8134012048854364,0.11
Hexadentium torquens,-1,stable,0.0788191266732886,0.0591620586386742,"{'R': 18, 'T': 10, 'b': '1,2/3', 'm': 0.28, 's': 0.039}",502,0.9228187919463088,0.409916109409456,0.0074142000345168,0.9764468192304888,0.15
Heptadentium rotans,-1,stable,0.1164329068968822,0.1110593015829327,"{'R': 18, 'T': 10, 'b': '1,5/6', 'm': 0.3, 's': 0.046}",763,0.9340782122905028,0.3200536775438108,0.0576905455986318,0.8244167233567541,0.15
Heptadentium scintillans,-1,stable,0.1015100424679498,0.1052008411344215,"{'R': 18, 'T': 10, 'b': '1,5/6', 'm': 0.2, 's': 0.021}",600,0.8877419354838709,0.2945495928205619,0.0455178866144884,0.7943233517941757,0.09
Octadentium rotans,-1,stable,0.1363983849658326,0.136826894716093,"{'R': 18, 'T': 10, 'b': '1,1', 'm': 0.27, 's': 0.035}",891,0.914757103574702,0.208076046349994,0.0690325286724096,0.7664421623643861,0.13
Octadentium scintillans,-1,stable,0.128560350434745,0.1284755423880577,"{'R': 18, 'T': 10, 'b': '1,1', 'm': 0.23, 's': 0.028}",808,0.906930693069307,0.2647725447384694,0.0830199275727887,0.6712381716787124,0.11
Octadentium alternatus,-1,soup,0.1241056700644512,1.1177515525466295,"{'R': 18, 'T': 10, 'b': '1,1', 'm': 0.22, 's': 0.024}",760,0.9020833333333332,0.2433275680582076,0.0422397514483093,0.8259784784311636,0.05
Nonadentium rotans,-1,stable,0.1580168582428617,0.158996401548264,"{'R': 18, 'T': 10, 'b': '1,1', 'm': 0.27, 's': 0.033}",1031,0.8966876971608833,0.1698719194788012,0.0264919030107437,0.9141767899705532,0.1
Decadentium rotans bioculi,-1,stable,0.1769070412140455,0.1752076842526797,"{'R': 18, 'T': 10, 'b': '1,1', 'm': 0.28, 's': 0.036}",1195,0.8468770987239759,0.1601449970478101,0.0970834786293032,0.685490848511191,0.07
Decadentium rotans trioculi,-1,stable,0.1595755641115518,0.1593835339744686,"{'R': 18, 'T': 10, 'b': '1,5/6', 'm': 0.28, 's': 0.035}",1070,0.8805409466566492,0.2314835069152092,0.0356322611147915,0.891276193157044,0.21
Decadentium rotans,-1,stable,0.1524275249504751,0.1549489537078811,"{'R': 36, 'T': 10, 'b': '1,3/4,1/2,1/4', 'm': 0.15, 's': 0.011}",1031,0.9149606299212598,0.2249524009322998,0.0370241196180581,0.8757150648060769,0.27
Decadentium vagus,-1,stable,0.1409494567330687,0.1460098484235715,"{'R': 36, 'T': 10, 'b': '2/3,1,2/3,1/3', 'm': 0.13, 's': 0.012}",851,0.8309859154929577,0.2555429527288471,0.0236396613050941,0.8738204400324273,0.42
Decadentium volubilis,-1,stable,0.137175486819101,0.1371056725174825,"{'R': 36, 'T': 10, 'b': '2/3,1,2/3,1/3', 'm': 0.15, 's': 0.014}",862,0.8552631578947368,0.2441576123734512,0.0101064133922657,0.9649593160811576,0.56
Undecadentium rotans,-1,stable,0.1585946219518252,0.1597230105999008,"{'R': 36, 'T': 10, 'b': '1,3/4,1/2,1/4', 'm': 0.18, 's': 0.018}",1060,0.9003861003861003,0.3098923222533614,0.0590132581014596,0.7401795122886127,0.48
Undecadentium scintillans,-1,stable,0.162520465269531,0.1631267592532619,"{'R': 36, 'T': 10, 'b': '1,3/4,1/2,1/4', 'm': 0.15, 's': 0.013}",1019,0.8837944664031621,0.3477005990804822,0.0335426786206767,0.8386267187483715,0.42
Dodecadentium rotans,-1,stable,0.1878403931882373,0.184664652532612,"{'R': 36, 'T': 10, 'b': '1,3/4,1/2,1/4', 'm': 0.2, 's': 0.022}",1320,0.9288860918816866,0.312271297156328,0.1023779163270415,0.5885992556410968,0.4
Dodecadentium scintillans,-1,stable,0.1784151507988225,0.1790477212951884,"{'R': 36, 'T': 10, 'b': '1,3/4,1/2,1/4', 'm': 0.16, 's': 0.014}",1160,0.8808362369337979,0.2803066668793226,0.0328586541693379,0.8532011500451889,0.38
Dodecadentium nausia,-1,stable,0.1881439666624608,0.1817583241972493,"{'R': 27, 'T': 10, 'b': '2/3,1,1/3', 'm': 0.27, 's': 0.033}",1402,0.8612099644128114,0.0878506870405846,0.1193364447039366,0.5897199705947849,0.14
Tridecadentium rotans,-1,stable,0.1914144273489917,0.1402601594969814,"{'R': 36, 'T': 10, 'b': '1,3/4,1/2,1/4', 'm': 0.18, 's': 0.015}",1293,0.9038340666247644,0.2646518046475271,0.01960468826376,0.9393036398077762,0.33
Bifolium lithos,-1,stable,0.0708608457602498,0.0710047221791878,"{'R': 27, 'T': 10, 'b': '3/4,1,1/4', 'm': 0.24, 's': 0.033}",538,0.9654088050314464,0.6979596353513997,0.0028561188434761,0.9897698775650964,0.33
Bifolium lithos limus,-1,stable,0.0668521138944694,0.0657940125402763,"{'R': 27, 'T': 10, 'b': '3/4,1,1/4', 'm': 0.24, 's': 0.03}",487,0.9605488850771868,0.4615347385420445,0.0021714985984243,0.9917723460615628,0.31
Tetrafolium lithos,-1,stable,0.0799273315561707,0.0816285171660323,"{'R': 27, 'T': 10, 'b': '1,1,1/3', 'm': 0.24, 's': 0.033}",602,0.9647390691114246,0.6440143118733312,0.0029985757237329,0.9881681723558136,0.43
Pentafolium lithos,-1,stable,0.0483358579423773,0.0485037530228509,"{'R': 18, 'T': 10, 'b': '1,1', 'm': 0.26, 's': 0.038}",332,0.946629213483146,0.2004941270506059,0.0043355577149363,0.9875322711794018,0.57
Pentafolium incarceratus,-1,stable,0.066357534478695,0.0618987165452947,"{'R': 18, 'T': 10, 'b': '1/4,1/6,1', 'm': 0.25, 's': 0.033}",388,0.8450980392156863,0.0578812009122648,0.2258127837928982,0.3615197601261085,0.67
Hexafolium incarceratus,-1,stable,0.0941333623063064,0.0900396296356805,"{'R': 18, 'T': 10, 'b': '1/2,0,1', 'm': 0.2, 's': 0.027}",552,0.7969821673525377,0.0685808776285463,0.1913853050673733,0.3364303132895135,0.45
Octafolium lithos,-1,stable,0.0773269338006681,0.0820697503068476,"{'R': 36, 'T': 10, 'b': '1,1,0,1', 'm': 0.22, 's': 0.024}",586,0.9384615384615383,0.1635443847339488,0.0118417038825926,0.9620332871563732,0.78
Octafolium lithos limus,-1,stable,0.0884638801650641,0.0838718908643476,"{'R': 27, 'T': 10, 'b': '5/12,1,3/4', 'm': 0.24, 's': 0.033}",669,0.8968553459119497,0.1669509891460477,0.0051412532472847,0.9835346451050824,0.82
Octafolium tardus,-1,stable,0.1401982810258013,0.1430283691306506,"{'R': 27, 'T': 10, 'b': '1,1/3,2/3', 'm': 0.27, 's': 0.041}",1068,0.9762100082034456,0.4261071673781524,0.0170756162543646,0.9457488869140024,0.49
Dodecafolium lithos,-1,stable,0.1185567024442643,0.1167147097097455,"{'R': 36, 'T': 10, 'b': '1,2/3,1/3,2/3', 'm': 0.16, 's': 0.013}",986,0.965,0.1249171892531764,0.0701346032385574,0.8093701484948463,0.22
Dodecafolium ventilans,-1,stable,0.1762928902468549,0.1769576400001555,"{'R': 36, 'T': 10, 'b': '1/2,7/12,3/4,1', 'm': 0.23, 's': 0.019}",1323,0.9614187927815806,0.0986894800140631,0.0116747337874532,0.97035257302751,0.6
Heptafolium nausia,-1,stable,0.137044433840638,0.1389202903467149,"{'R': 36, 'T': 10, 'b': '1,1/2,1/3,5/12', 'm': 0.16, 's': 0.012}",936,0.8786677240285488,0.5627106695516707,0.0126763386621396,0.9597995628848652,0.43
Nonafolium lithos,-1,stable,0.0929054566570364,0.0991923870665865,"{'R': 36, 'T': 10, 'b': '1,3/4,1/2,1/4', 'm': 0.13, 's': 0.008}",715,0.8980537534754403,0.4572087838493376,0.0103318979524647,0.960508702562745,0.28
Nonafolium rotans,-1,stable,0.1441425713710801,0.1430845397668621,"{'R': 36, 'T': 10, 'b': '1,3/4,1/2,1/4', 'm': 0.17, 's': 0.012}",1043,0.8941877794336811,0.4235532758156801,0.0120825040263561,0.9627634308686364,0.3
Tridecafolium lithos,-1,stable,0.2260156691738504,0.1583631169942109,"{'R': 36, 'T': 10, 'b': '1,2/3,1/3,2/3', 'm': 0.16, 's': 0.015}",1425,0.923529411764706,0.3396466218675255,0.073309939439361,0.6302488391601492,0.19
Bug (smaller),54,,0.0399426567188584,,"{'R': 13, 'T': 1, 'b': '1', 'm': 0.31, 's': 0.049, 'kn': 3, 'gn': 2}",213,0.937984496124031,0.2535461155683907,0.0129704570185804,0.9558925869756364,0.03
Bug (bigger),-1,soup,0.1377265790932119,1.3432579673306375,"{'R': 26, 'T': 1, 'b': '1', 'm': 0.31, 's': 0.05, 'kn': 3, 'gn': 2}",861,0.9448491155046826,0.2157214399648236,0.0333266682643426,0.9136599527612338,0.02
